"star1_rad_mean","star1_rad_stdev","star1_rad_median","star1_rad_errlo","star1_rad_errup","star2_rad_mean","star2_rad_stdev","star2_rad_median","star2_rad_errlo","star2_rad_errup","bin_period_mean","bin_period_stdev","bin_period_median","bin_period_errlo","bin_period_errup","bin_inc_mean","bin_inc_stdev","bin_inc_median","bin_inc_errlo","bin_inc_errup","bin_t0_mean","bin_t0_stdev","bin_t0_median","bin_t0_errlo","bin_t0_errup","bin_rv_com_mean","bin_rv_com_stdev","bin_rv_com_median","bin_rv_com_errlo","bin_rv_com_errup","ext_f153m_mean","ext_f153m_stdev","ext_f153m_median","ext_f153m_errlo","ext_f153m_errup","ext_alpha_mean","ext_alpha_stdev","ext_alpha_median","ext_alpha_errlo","ext_alpha_errup"
1.402171770251191241e+01,5.941100253792152008e-01,1.403587047034988089e+01,1.343786949256954344e+01,1.462805609365746484e+01,1.344683967551731918e+01,7.906965018775644616e-01,1.345368377267779714e+01,1.265576338657896471e+01,1.428319337276292700e+01,2.506219683670663656e+01,1.269353344234934733e-01,2.505979968523755019e+01,2.493146248614385740e+01,2.519567786636802964e+01,8.893009513876477001e+01,1.557235193026463982e+01,7.518993245139411385e+01,7.412322807586939177e+01,1.057821000525628676e+02,5.379997771893211757e+04,6.664567570549834175e-02,5.379997691288848000e+04,5.379991185716685868e+04,5.380004704840436898e+04,1.460159203136686870e+02,3.163970687803272064e+00,1.458680139977159342e+02,1.428292392948004874e+02,1.491561662275551328e+02,4.535819582093949087e+00,3.505807863500143284e-02,4.536569045906693631e+00,4.500713793214840663e+00,4.570614255640048640e+00,2.225990941072507834e+00,1.630149468212654246e-02,2.225613812718592488e+00,2.209803044083211265e+00,2.242062939847668801e+00
