{
    "niter": 10217,
    "logz": -63.987921467010686,
    "logzerr": 0.5112902730516747,
    "logz_bs": -63.96329649402575,
    "logz_single": -63.987921467010686,
    "logzerr_tail": 0.40552924026400206,
    "logzerr_bs": 0.31139007467830027,
    "ess": 755.1425659353657,
    "H": 21.88250606466606,
    "Herr": 0.05535348853385713,
    "posterior": {
        "mean": [
            14.021407347838291,
            13.44703309216516,
            25.06224048109982,
            88.9269145229327,
            53799.97770586786,
            146.01486996542036,
            4.535817384495388,
            2.225990038332305
        ],
        "stdev": [
            0.594470524024853,
            0.7908195497744219,
            0.12695011171286694,
            15.572055378084636,
            0.06663744510052402,
            3.1651222839821984,
            0.03505039195048119,
            0.016298578247644076
        ],
        "median": [
            14.035870470349881,
            13.455323180085486,
            25.05979968523755,
            75.18993245139411,
            53799.97691288848,
            145.86801399771593,
            4.536569045906694,
            2.2256138127185925
        ],
        "errlo": [
            13.437713785168802,
            12.655040998846953,
            24.931462486143857,
            74.12322807586939,
            53799.91185716686,
            142.8292392948005,
            4.500713793214841,
            2.2098030440832113
        ],
        "errup": [
            14.629704047932393,
            14.283640085798284,
            25.19567786636803,
            105.78210005256287,
            53800.04704840437,
            149.15616622755513,
            4.5705992909119635,
            2.242062939847669
        ],
        "information_gain_bits": [
            1.6819829019108656,
            -1.5457270290675578,
            0.2688188400266397,
            3.2598385843375586,
            3.6495363152244824,
            2.0472767235235354,
            2.924233966914541,
            -4.316692425505345
        ]
    },
    "maximum_likelihood": {
        "logl": -38.00647683483029,
        "point": [
            14.243244752367572,
            13.298884944393556,
            25.029965473133938,
            74.22162566407229,
            53799.996206009535,
            148.37102338523988,
            4.542456124603209,
            2.222889014465349
        ],
        "point_untransformed": [
            0.2828829834911714,
            0.7569835634847937,
            0.5149827365669685,
            0.4123423648004016,
            0.4996206009532446,
            0.4837102338523988,
            0.27122806230160446,
            0.4063156524106957
        ]
    },
    "ncall": 2296790,
    "paramnames": [
        "star1_rad",
        "star2_rad",
        "bin_period",
        "bin_inc",
        "bin_t0",
        "bin_rv_com",
        "ext_f153m",
        "ext_alpha"
    ],
    "logzerr_single": 0.2338937048354768,
    "insertion_order_MWW_test": {
        "independent_iterations": Infinity,
        "converged": true
    }
}